text,category,stance,Lemmatization
إعطاء جرعة لقاح الحصول لقاح كورونا السعودية وفق الأولوية للمواطن والمقيم خلال تطبيق,plan,1,عطء جرع لقح حصل لقح كورو سعد وفق ولو وطن قيم خلل طبق
حفظه الله يتلقى الجرعة الأولى لقاح كورونا كوفيد ,celebrity,1,حفظ الل لقى جرع ولى لقح كورو كوفيد
لقاحات آمنة خوف يضمن التوزيع العادل ,info_news,1,لقح امن خوف يضم وزع عدل
تقول يجرى مراجعة خطوط الإنتاج بالشركة القابضة للقاحات لإنتاج لقاح توفيره الدول الإفريقية,info_news,1,تقل جرى رجع خطط ناج شرك قبض قاح إنتاج لقح وفر دول فرق
عاجل      وزارة الصحة   حصل الجرعة الأولى لقاح كورونا سيأخذ الثانية موعدها     السعودية,plan,1,عجل وزر صحة حصل جرع ولى لقح كورو أخذ ثني وعد سعد
وصول دفعة اللقاح الروسي سبوتنيك ضد كوفيد غد الجزائر ,info_news,1,وصل دفع لقح روس سبت ضد كوفيد غد جزر
حميات تكشف تفاصيل مركز لتلقى لقاحات بالمحافظة ,info_news,1,حمي كشف فصل ركز لقى لقح حفظ
الدولة ملأت بلادنا باليورانيوم نريد لقاحا ,personal,1,دول لأت بلد يورانيوم نرد لقح
دة انتو خاصمين مليارات المرتبات والمعاشات بقالكو شهور ولاد الوسخة  لقاح ايه اللي بفلوس,personal,0,دة نتو خصم لير رتب عاش قالكو شهر ولد وسخ لقح ايه الل فلس
الرئيس الأميركي المنتخب جو يدلي بتصريح حول لقاح فيروس,plan,1,رئس امر نخب جو يدل صرح حول لقح يرس
تلقى الرئيس الجرعة الأولى لقاح مضاد لفيروس كورونا المستجد,info_news,1,لقى رئس جرع ولى لقح ضاد يرس كورو سجد
وأمريكا الأسوار تهدي طفل لعبة للموت عنقودية ,info_news,1,أمر سور تهد طفل لعب موت عنقود
معالي مدير الأمن العام  الفريق ركن خالد بن قرار الحربي  يتلقى الجرعة الأولى لقاح فيروس كورونا  ,celebrity,1,علي دير امن عام فرق ركن خلد بن قرر حرب لقى جرع ولى لقح يرس كورو
وزارة الصحة الاتفاق شركة استر ازينيكا توفير مليوني جرعة لقاح,info_news,1,وزر صحة تفق شرك ستر ازن وفر ليو جرع لقح
العلامةعبدالله بن بيه يتلقى لقاح كورونا,celebrity,1,علامةعبدالله بن بيه لقى لقح كورو
شاهد يفوتك وليام شكسبير عايش ويتلقى لقاح كورونا,info_news,1,شهد يفت ليم شكسبير عيش لقى لقح كورو
نتائج مطمئنة ردود الفعل التحسسية لقاح موديرنا نادرة  ,info_news,1,نتج طمئ ردد فعل حسس لقح ودر ندر
قيد الإنجاز لقاح تركي يحارب كورونا بـ الجسيمات الشبيهة  ,info_news,1,قيد جاز لقح ترك حرب كورو بـ جسم شبه
خادم الحرمين الشريفين الملك سلمان يتلقى الجرعة الأولى لقاح كورونا,celebrity,1,خدم حرم شرف ملك سلم لقى جرع ولى لقح كورو
أكبر الباكر أعتقد أنه سيتعين المسافرين إبراز شهادة تثبت حصولهم لقاح كوفيد يتسنى الصعود الطائرة   ,info_news,1,كبر بكر عقد انه يتع سفر برز شهد تثب حصل لقح كوفيد سنى صعد طئر
تطعيم شخصا دقيقة ضد وبحلول القادم سيتم تطعيم المواطنين المملكة المتحدة  ,plan,1,طعم شخص دقق ضد حلل قدم يتم طعم وطن ملك تحد
وعد قليل يفتتح  مليون مركز تلقي لقاح  ال يوم الأولى رئاسته  وعد كبير جدا,info_news,1,وعد قلل فتح ملي ركز تلق لقح ال يوم ولى رئس وعد كبر جدا
عامل القطاع الصحي تلقوا جرعتهم الأولى لقاح وأنا بدوري انضممت إليهم وتلقيت التطعيم  ,plan,1,عمل قطع صحي تلق جرع ولى لقح وأن بدر ضمم الي تلق طعم
عبيدات مفاوضات لتأمين كمية كبيرة مطعوم سينوفارم الصيني تصل مليوني جرعة خلال أسبوع أسبوعين  ,info_news,1,عبد فاض تأم كمة كبر طعم سينوفارم صين تصل ليو جرع خلل سبع سبع
شاهد ردة فعل السفير الأميركي أخذه لقاح مركز اللقاحات بـ,celebrity,1,شهد ردة فعل سفر امر اخذ لقح ركز لقح بـ
بيانات تظهر إصابة الإسرائيليين بـ جرعتين لقاح فايزر,info_news,0,بين ظهر صبة اسرائيلي بـ جرع لقح يزر
تغطية قناة سعادة السفير انتي روتوڤووري سفير المملكة يتلقى الجرعة الثانية لقاح,celebrity,1,غطي قنة سعد سفر انت روتوڤووري سفر ملك لقى جرع ثني لقح
فرنسا تعلن الموافقة استخدام لقاح موديرنا فايزر,info_news,1,رنس تعل وفق خدم لقح ودر يزر
خرائط جوجل ستعرض قريب مواقع لقاح كوفيد كورونا ,info_news,1,خرط جوجل عرض قرب وقع لقح كوفيد كورو
تجعل فعالية اعرف أهم الأطعمة والمشروبات الضارة  للتفاصيل ,info_news,1,جعل فعل عرف اهم طعم شرب ضرة فصل
مليونير كندي وزوجته  ينتحلان صفة عمال نظافة للحصول لقاح كورونا تخطى قائمة الانتظار للحصول اللقاح,info_news,0,مليونير كند وزج نحل صفة عمل نظف حصل لقح كورو خطى قئم نظر حصل لقح
اتهام ثنائي السفر بلدة كندية نائية للحصول لقاح,info_news,0,تهم ثني سفر بلد كند نئي حصل لقح
وزير الصحة توفيق الربيعة يعلن تدشين الجواز الصحي بالشراكة سدايا لمن أكمل تطعيمات لقاح كورونا,plan,1,وزر صحة وفق ربع يعل تدش جوز صحي شرك سدا لمن كمل طعم لقح كورو
توضح الأعراض الجانبية الحصول لقاح فيروس,info_news,-1,وضح عرض جنب حصل لقح يرس
امريكا تريد سد عجز أزمتها المالية الخانقة ببيع اللقاحات يثبت لحد الان فاعليتها ,info_news,1,امر ترد سد عجز ازم الة خنق ببع لقح يثب لحد الن فعل
الغوريلا تسلم فيروس كورونا  لقاح للحيوانات,info_news,0,غوريل سلم يرس كورو لقح حيو
للتو  تستقبل جرعة لقاح فيروس التابع لشركة أسترازينيكا المصنع,info_news,1,لتو قبل جرع لقح يرس تبع لشر استرازينيكا صنع
فيروس كورونا المغرب لقح شخص ودبي تستقبل دفعة أولى لقاح أكسفورد أسترا زينيكا,info_news,1,يرس كورو غرب لقح شخص ودب قبل دفع ولى لقح كسفورد سرا زين
نائب الكونغرس الأميركي يصاب بالفيروس رغم تلقيه جرعتي,info_news,0,نئب كونغرس امر يصب يرس رغم لقه جرع
ينفع الله يعيطك الصحة والعافية  ويحفظك ويطول عمرك  الشعب سيدي ووالدي ووالد الجميع ,celebrity,1,نفع الل يعط صحة عفي حفظ يطل عمر شعب سيد ولد ولد جمع
لقاح تختاره توافرت جميعها وعلى استعداد لأخذه  لطفا المشاركة والرتويت,info_news,1,لقح خار وفر جمع على عدد أخذ لطف شرك رتي
الجزائر تتسلم أولى شحنات لقاح سبوتنيك الروسي ضد كورونا,info_news,1,جزر سلم ولى شحن لقح سبت روس ضد كورو
يعمل لقاح الصيني لمنح الجسم المناعة ضد فيروس,info_news,1,عمل لقح صين منح جسم ناع ضد يرس
فيديو جدولة إعطاء لقاح لمن حصلوا موعد الجرعة الأولى  ,plan,1,يدو جدل عطء لقح لمن حصل وعد جرع ولى
عاجل الصحة اعتماد لقاحي كورونا أسترازينيكا وموديرنا لقاح فايزر,info_news,1,عجل صحة عمد لقح كورو استرازينيكا ودر لقح يزر
هاكم إسمعوا شخص أصيبوا بكوفيد اعطائهم لقاح فايزر الخطر فلماذا التلقيح,info_news,-1,هكم سمع شخص اصب كوفيد عطئ لقح يزر خطر لمذ لقح
تعقيل الليمون  السدر  المانجو بالقلم القمي  الفواكه وقت تزهير  اكثار الأشجار بالتعقيل  المزارعين ,unrelated,0,عقل ليم سدر انجو قلم قمي فكه وقت زهر كثر شجر عقل زرع
نصف مليون مشوه بهدايا أمريكا البايولوجية ,personal,-1,نصف ملي شوه بهد امر بايولوجية
عو دنا دائما   مقدام الأمور يرضى بالصف الأول   الرئيس تلقيه الجرعة الولى لقاح,celebrity,1,عو دنا دائ قدم امر رضى لصف اول رئس لقه جرع ولى لقح
دراسة حديثة لقاح فايزر يقي سلالة المكتشفة بريطانيا  ,info_news,1,درس حدث لقح يزر يقي سلل كشف برط
طلعت الدولة شاطرة بتصدير  المازوت الطحين الدواء والكبتاغون  وفشلت بإستيراد لقاح  ,personal,1,طلع دول شطر صدر ازت طحن دوء كبتاغ فشل بإستيراد لقح
سيكون لدينا مليون جرعة لقاح لمنطقة الشرق الأوسط المقبل  ,plan,1,سيك لدي ملي جرع لقح نطق شرق وسط قبل
تخلوا هدير الطيران الحربي الاسرائيلي ينسيكن انه اسرائيل وزعت لقاح شعبها,personal,0,تخل هدر طير حرب اسرائيلي ينس انه رائيل وزع لقح شعب
جرعة لقاح تم تقديمها خلال الـ ساعة الماضية ليبلغ عدد الجرعات الكلي بمعدل توزيع جرعة لكل شخص  ,info_news,1,جرع لقح تم قدم خلل الـ سعة اضة بلغ عدد جرع كلي عدل وزع جرع لكل شخص
تويتر يغلق حساب خامنئي بالانجليزي بسبب تغريدة تحوي معلومات كاذبة لقاح,info_news,1,يتر غلق حسب خامنئ جلز سبب غرد تحي علم كذب لقح
اللهم احفظ  سوء وأدام الله  الصحة والعافية  ,celebrity,1,لهم حفظ سوء أدم الل صحة عفي
صحت خبرية فبكون الرئيس الحريري درس بالعمل الإنساني وكيف إنو إنقاذ الأرواح مش بحاجة لصلاحيات ,personal,1,صحت خبر فبك رئس حرر درس عمل انس وكف انو قاذ روح مش بحج صلح
الحكيم مش حكيم اللقاح لقاح   القوات صيصان  ,info_news,1,حكم مش حكم لقح لقح قوت صيص
شاهد الأمير أمين مجلس الأمن الوطني السعودي السابق يتلقى لقاح فايزر مركز اللقاحات بـ   عبر ,celebrity,1,شهد امر امن جلس امن وطن سعد سبق لقى لقح يزر ركز لقح بـ عبر
تتسلم جرعة لقاح اكسفورد بـ اليوم ,info_news,1,سلم جرع لقح كسفورد بـ اليوم
دراسة طبية لقاح فايزر بيونتك فعال الأرجح ضد سلالة كورونا المكتشفة بريطانيا,info_news,1,درس طبة لقح يزر بين فعل رجح ضد سلل كورو كشف برط
دراسة لقاح فايزر فعال ضد سلالات كورونا المتحورة    ,info_news,1,درس لقح يزر فعل ضد سلل كورو تحر
لدينا كميات كبيرة اللقاح الصيني وشحنة لقاح أخر تصل نهاية الأسبوع الجارى ,info_news,1,لدي كمي كبر لقح صين وشح لقح اخر تصل نهي سبع جرى
فيروس كورونا شكوك حول فعالية لقاح أسترازينيكا لمن تتجاوز أعمارهم سنة,info_news,-1,يرس كورو شكك حول فعل لقح استرازينيكا لمن جوز عمر سنة
وكالة أنباء البحرين إقرار لقاح أوكسفورد ـ أسترازينيكا للاستخدام الطارئ,info_news,1,وكل باء بحر قرر لقح اوكسفورد ـ استرازينيكا خدم طرئ
خبر عاجل اختفاء لقاحات كورونا الجنوب ,info_news,0,خبر عجل خفء لقح كورو جنب
عدد المسجلين تطبيق لأخذ لقاح فايروس تخطى حاجز المليون,info_news,1,عدد سجل طبق أخذ لقح يرس خطى حجز ملي
بشهادة خبراء غربيين لقاح سبوتنيك الروسي فعال بنسبة تزيد بالمائة,info_news,1,شهد خبراء غرب لقح سبت روس فعل نسب تزد ائة
شركة فايزر الأمريكية تبرعت للاجئين السوريين الأردن بـ لقاح ومثلهم للاجئين السوريين لبنان,info_news,1,شرك يزر امر برع اجئ سور ارد بـ لقح مثل اجئ سور لبن
سمو الامير خالد بن عبدالعزيز  بن عياف والجرعه الالى لقاح كرونا كوفيد  بالسلامة يارررررب,celebrity,1,سمو امر خلد بن عبدالعزيز بن عيف جرع الى لقح كرو كوفيد سلم يارررررب
شخص يتلقون لقاح كوفيد خلال الساعات الـ الماضية,info_news,1,شخص تلق لقح كوفيد خلل ساع الـ اضة
عقل بلتاجي لنكون قدوه للجميع الحياة او غرف الانعاش ويحث الاردنيين اخذ مطعوم كورونا ,personal,1,عقل لتج لنك قده جمع حية او غرف عاش يحث ارد اخذ طعم كورو
الموناليزا اخدت اللقاح وانتو خايفين لسى  ,personal,1,موناليزا اخد لقح نتو خيف لسى
تساؤلات آخر ليل  اذا كفانا لقاح الكورونا بزيدولو مي ,others,0,سؤل اخر ليل اذا كفا لقح كورو زيدولو مي
شعب يميز الكزبرة البقدونس بدك اياه يعرف شو افضل لقاح  طعمو الشعب ,others,0,شعب يمز كزبر قدونس بدك ايه عرف شو فضل لقح طعمو شعب
بريطانيا  تقر استخدام لقاح موديرنا ضد فيروس كورونا,info_news,1,برط تقر خدم لقح ودر ضد يرس كورو
الدكتور راجي تواضروس وكيل وزارة الصحة بمحافظة قنا يتلقى لقاح كوفيد ,celebrity,1,دكتور رجي ضرس وكل وزر صحة حفظ قنا لقى لقح كوفيد
بدناا لقاح ضد تغير المزاج بدقيقه,unrelated,0,بدن لقح ضد تغر زاج دقق
تلقيح السجناء فيهم الفلسطينيين ضد فيروس المستجد  ,info_news,1,لقح جنء يهم لسط ضد يرس سجد
ايمت يلاقو قاح للجحشنه  وقتها انا بطالب ينعطى للمواطن المقيم والنازح,info_news,1,ايم لقو قاح جحش وقت انا طلب عطى وطن قيم نزح
  وزير الصحة تونس الجزائر أوالمغرب بلد طبيعتنا كجزائريين وكمسلمين نقتسم الشي عندنا   لقاح,info_news,1,وزر صحة ونس جزر اوالمغرب بلد طبع كجزائر كمسلم قتسم الش عند لقح
اسرار تطعيم ونجاح الحمضيات او الموالح كنت محترف جزء,unrelated,0,سرر طعم نجح حمض او ولح كنت حرف جزء
الوباء الاخطر الكرة الأرضية كورونا  امريكا ومخططاتها,unrelated,0,وبء خطر كرة رضي كورو امر خطط
قائد القوات البرية الملكية السعودية يتلقى الجرعة الأولى لقاح كورونا  ,celebrity,1,قئد قوت برة لكة سعد لقى جرع ولى لقح كورو
شون دايش مدرب بيرنلي اقترح منح لقاح كورونا لجميع اندية البريميرليغ,requests,1,شون ديش درب رنل قرح منح لقح كورو جمع ندي بريميرليغ
سيدي صاحب السمو الملكي الامير  يتلقى الجرعة الاولى لقاح كورونا كوفيد  ,celebrity,1,سيد صحب سمو لكي امر لقى جرع ولى لقح كورو كوفيد
دولة عربية إفريقيا تتسلم إمدادات كبيرة لقاحات ضد كورونا  ,info_news,1,دول عرب فرق سلم مدد كبر لقح ضد كورو
يتلقى لقاح العافية جسد صب تجعله يشكو ألم واحفظه شر  يارب زيادة عافيته ودوام صحته وطولا مره طاعته,celebrity,1,لقى لقح عفي جسد صب جعل شكو الم حفظ شر يرب زيد عفي دوم صحت وطل مره طعت
فعالية لقاح فايزر دراسة تظهر نجاح تقليل الإصابات بشكل كبير  ,info_news,1,فعل لقح يزر درس ظهر نجح قلل اصب شكل كبر
الإمارات تعلن توفير لقاح للجميع بدءا سن عاما,plan,1,امر تعل وفر لقح جمع بدء سن عما
إسرائيل تعلن نقل أولى شحنات لقاح كورونا الفلسطينيين,info_news,1,رائيل تعل نقل ولى شحن لقح كورو لسط
ظهور حالة محص تطبيق تلقي الجرعة الثانية لقاح كوفيد,info_news,1,ظهر حلة محص طبق تلق جرع ثني لقح كوفيد
العفو الدولية منع الإيرانيين الحصول لقاح أجنبي تجاهل للحق الحياة ولعب بحياة الملايين مواطنيه  ,info_news,-1,عفو دول منع يرن حصل لقح جنب جهل لحق حية لعب بحا لاي وطن
الحمد لله رب العالمين   اخذنا الجرعة الثانية لقاح    الله الجميع بالصحة والعافية,info_news,1,حمد لله رب علم اخذ جرع ثني لقح الل جمع صحة عفي
الرئيس يتلقى جرعة لقاح سينوفاك المضاد لفيروس كورونا المدينة الطبية بالعاصمة,celebrity,1,رئس لقى جرع لقح ينف ضاد يرس كورو دين طبة عصم
بالفيديو رسالة ابن مطور لقاح شلل الأطفال لمن يشعر بالقلق لقاح كورونا ,info_news,1,يدو رسل ابن طور لقح شلل طفل لمن شعر قلق لقح كورو
لقاح جونسون آند جونسون يغير قواعد اللعبة ضد كورونا  ,info_news,0,لقح جونس اند جونس يغر قعد لعب ضد كورو
اللاجئون المسنون مخيم الزعتري يتلقون لقاح,info_news,1,لجئ مسن خيم زعتر تلق لقح
خادم الحرمين الشريفين خلال تلقيه لقاح  ,celebrity,1,خدم حرم شرف خلل لقه لقح
مجلة طبية تكشف نسبة فاعلية اللقاح الروسي ضد كورونا ,info_news,1,جلة طبة كشف نسب فعل لقح روس ضد كورو
الصحة   الجرعة الأولى لقاح كورونا يحصل الجرعة الثانية الموعد,info_news,1,صحة جرع ولى لقح كورو حصل جرع ثني وعد
بفضل الله بجهود حكومتنا  اخذت  لقاح  يحق الفخر بهذا الوطن   والله مثلك بهالدنيا بلد ,info_news,1,فضل الل جهد حكم اخذ لقح يحق فخر بهذا وطن ولل ثلك هلد بلد
يلتقي الفريق العلمي بجامعة الإمام عبدالرحمن بن فيصل أنهى التجارب السريرية لإنتاج لقاح فيروس,info_news,1,لقي فرق علم جمع امم عبدالرحمن بن يصل نهى جرب سرر إنتاج لقح يرس
الله يديمك ذخر للأمة العربية والإسلامية ,celebrity,1,الل يدم ذخر امة عرب سلم
ظهور حالة بـ للحاصل جرعات لقاح,info_news,1,ظهر حلة بـ حصل جرع لقح
لقاح فايزر بيونتيك فعال ضد فيروس كورونا المتحور   ,info_news,1,لقح يزر بين فعل ضد يرس كورو تحر
يرغب الحصول تطعيم كورونا اتباع الإجراءات التالية  ,info_news,1,رغب حصل طعم كورو تبع جرء الي
ألله خواصري طب رب تاخدو لقاح الايراني وتريحونا بقا ,personal,0,الل خصر طب رب خدو لقح اير ريحو بقا
طبيب فلوريدا تلقيه لقاح ضد كورونا بأسابيع ردت فايزر  ,info_news,-1,طبب ورد لقه لقح ضد كورو أسابيع ردت يزر
عاجل الوكالة الأوروبية للأدوية لدينا بيانات لقاح أسترا زينكا يقاوم السلالات الجديدة لكورونا,info_news,0,عجل وكل ورب دوي لدي بين لقح سرا زين قوم سلل جدد كورو
بريطانيا تطعيم شخصا دقيقة ضد المملكة المتحدة,info_news,1,برط طعم شخص دقق ضد ملك تحد
كنت الفئات الأكثر تأثر بمضاعفات فيروس كورونا,advice,1,كنت فئت كثر أثر ضعف يرس كورو
شخص حصلوا  لقاح والعدد تزايد  يتم منح لكل يحصل  جرعتي لقاح كورونا  كورونا انحسار بالسعودية,info_news,1,شخص حصل لقح عدد زيد يتم منح لكل حصل جرع لقح كورو كورو حسر سعد
ريبورتاج تركيا تبدأ حملة تطعيم ضد فيروس كورونا باستخدام لقاح سينوفاك الصيني,info_news,1,ريبورتاج ترك بدأ حمل طعم ضد يرس كورو باستخدام لقح ينف صين
سبب الإصرار اللقاح الأمريكي وجود مصادر أمانا,rumors,0,سبب صرر لقح امر وجد صدر اما
تدريبات وهمية أيام انطلاق برنامج لقاح ,info_news,1,درب وهم ايم طلق رنمج لقح
وزير الخارجية الأمير فيصل بن فرحان يتلقى الجرعة الأولى لقاح فيروس كورونا,celebrity,1,وزر خرج امر يصل بن فرح لقى جرع ولى لقح يرس كورو
الاحتلال يسجل حالة شلل خفيف بالوجه إثر تلقي لقاح كورونا,info_news,0,حلل سجل حلة شلل خفف وجه اثر تلق لقح كورو
البيض كلمة السر مصري يكتشف لقاح جديد ضد ,info_news,1,بيض كلم لسر صري كشف لقح جدد ضد
الخير   اللي خذ لقاح كوفيد يرفع يده,personal,1,خير الل خذ لقح كوفيد رفع يده
تكون خاطب جديد حماتك بدا لقاح كورونا,personal,0,تكون خطب جدد حمت بدا لقح كورو
صور لعمليات شحن لكميات لقاح فايزر بينها الكمية وصلت اليوم للأردن ,info_news,1,صور عمل شحن لكم لقح يزر بين كمة وصل اليوم ارد
الخبير الشؤون الأوروبية حسين الوائلي يفسر لـ عربي المقصد تصريحات رئيس المجلس الأوروبي بشأن لقاح,info_news,1,خبر شؤن ورب حسن وئل فسر لـ عرب قصد صرح رئس جلس ورب بشأ لقح
نيويورك بوست تطعيم إرهابيا فى معتقل بـ,info_news,1,وير بوس طعم رهب فى عقل بـ
محاسن تتواصل الأبحاث العلمية لإيجاد لقاح للوباء تفتح الباب علاج لأمراض مستعصية تابع,info_news,1,حسن وصل بحث علم إيجاد لقح وبء فتح باب علج أمراض عصي تبع
بالدليل هيكسب أضعاف ثمن شراءه لقاح بيعه للمصريين أحمد سمير  ,plan,1,دلل هيكسب ضعف ثمن شرء لقح بيع صري حمد سمر
سكان السعودية تلقوا لقاح كورونا الان المركز ال عالميا,info_news,1,سكن سعد تلق لقح كورو الن ركز ال علم
 تحديد مبنى الصالة الرياضية  مقرا لتقديم ,info_news,1,حدد بنى صلة ريض قرا قدم
نائب بالكونغرس الأمريكي يصاب بـ كوفيد تلقيه جرعتين لقاح فايزر,info_news,-1,نئب كونغرس امر يصب بـ كوفيد لقه جرع لقح يزر
لقاح جديد لكورونا تظهر فاعليته الجرعة الأولى فقط,info_news,1,لقح جدد كورو ظهر فعل جرع ولى فقط
تلقي جرعته الثانية لقاح فيروس سانجاي غوبتا يشرح الأعراض يعاني الأشخاص,advice,1,تلق جرع ثني لقح يرس سنج غوب شرح عرض يعا شخص
روسيا تعلن استعدادها لتزويد مصر بتكنولوجيا تصنيع لقاح كورونا,info_news,1,روس تعل عدد زود مصر بتكنولوج صنع لقح كورو
خادم الحرمين الشريفين الملك سلمان بن عبدالعزيز آل سعود حفظه الله يتلقى الجرعة الأولى لقاح كوفيد  ,info_news,1,خدم حرم شرف ملك سلم بن عبدالعزيز ال سعد حفظ الل لقى جرع ولى لقح كوفيد
الرئيس التركي يتناول جرعة لقاح المخصص للشعب يستطيع فعلها وتناول اللقاح الصيني,celebrity,1,رئس ترك نول جرع لقح خصص شعب تطع فعل نول لقح صين
مراسل أحمد العناني تطعيم مليون شخص باللقاح والإغلاق العام سبب انخفاض أعداد الإصابات والوفيات بـ,info_news,1,رسل حمد عنا طعم ملي شخص لقح غلق عام سبب خفض عدد اصب وفي بـ
 الامريكيون يريدون تجربة اللقاح الدول الاخرى,requests,1,امر يرد جرب لقح دول خرى
الحمد لله ان المحمول ماكانش يد الجميع ايام لقاح شلل الاطفال زمان مصر لسة شلل الاطفال زي البرد كدة,info_news,1,حمد لله ان حمل ماكانش يد جمع ايم لقح شلل طفل زمن مصر لسة شلل طفل زي برد كدة
سمو أمير منطقة يتلقى ويتفقد مركز استقبال المتقدمين اللقاح ,celebrity,1,سمو امر نطق لقى فقد ركز قبل تقدم لقح
الرئيس روحاني وزارة الصحة رفضت طلب شركات اجنبية اختبار لقاح كورونا مواطنينا ,info_news,1,رئس روح وزر صحة رفض طلب شرك جنب خبر لقح كورو وطن
تلقى سمو أمير منطقة الرياض الجرعة الأولى لقاح كورونا كوفيد بحضور معالي وزير الصحة,celebrity,1,لقى سمو امر نطق ريض جرع ولى لقح كورو كوفيد حضر علي وزر صحة
الفنان حسين الجسمي يتلقى الجرعة الأولى لقاح كورونا,celebrity,1,فنن حسن جسم لقى جرع ولى لقح كورو
تعلن إطلاق موقع حجز وتسجيل لقاح رسميا آخر الشهر الجارى ,info_news,1,تعل طلق وقع حجز سجل لقح رسم اخر شهر جرى
لقاح فايزر الامريكي يقتل شخصا النرويج وحدها,info_news,-1,لقح يزر امر قتل شخص روج وحد
إيران تصادق استخدام سبوتنيكالروسي التطعيم ضد كورونا ,info_news,1,اير صدق خدم سبوتنيكالروسي طعم ضد كورو
ثقة لدينا بلد يبيد الش عوب لأجل مصالحه المتوقع إصطياده أيض بحجة كورونا,info_news,-1,ثقة لدي بلد يبد الش عوب أجل صلح توقع صطياد ايض بحج كورو
متل المليون لقاح تاع الحريري بكرا بيطلعوا,info_news,1,متل ملي لقح تاع حرر بكر طلع
اللقاح الامريكي يقدم ضمان للفعالية طويلة المدى بدون آثار جانبية ,info_news,-1,لقح امر قدم ضمن فعل طول مدى بدن اثر جنب
الإمام الخامنئي دخول اللقاحين الأميركي والبريطاني إيران ممنوع كونه لقاح اختبار الشعوب  ,info_news,-1,امم خامنئ دخل لقح امر برط اير منع كون لقح خبر شعب
الاستاذ محمد عبده يتلقى جرعة لقاح كورونا,celebrity,1,ساذ حمد عبد لقى جرع لقح كورو
اختبارات مزيج لقاحي سبوتنيكو أسترازينيكا ستجرى دول اثنتان عربية  ,info_news,1,خبر زيج لقح سبوتنيكو استرازينيكا جرى دول اثن عرب
إقبال موظفي شرطة دبي للحصول جرعات لقاح كورونا   التفاصيل  ,info_news,1,قبل وظف شرط دبي حصل جرع لقح كورو فصل
وكالة أنباء البحرين فايزر تبلغ المنامة تأجيل تسليم شحنات لقاح كورونا كانت مقرر خلال الشهر الجاري,info_news,1,وكل باء بحر يزر بلغ نام أجل سلم شحن لقح كورو كانت قرر خلل شهر جري
الملكة إليزابيث والأمير فيليب يتلقيان لقاح كورونا ويثيران التكهنات وقت حرج الجائحة بريطانيا,celebrity,1,لكة اليزابيث امر يلب تلق لقح كورو يثر تكه وقت حرج جئح برط
لقاح فايزر فعال ضد السلالة البريطانية والجنوب أفريقية كورونا ,info_news,1,لقح يزر فعل ضد سلل بريطانية جنب فرق كورو
السفير الأمريكي السعودية يتلقى الجرعة الثانية لقاح فيروس كورونا,celebrity,1,سفر امر سعد لقى جرع ثني لقح يرس كورو
اي حدن بيسألني بدك تاخد لقاح  بكل ثقة الا بلقاح الجمهورية الإسلامية  لان التاريخ علمنا ناخد الا,personal,-1,اي حدن سأل بدك تخد لقح بكل ثقة الا لقح جمهور سلم لان ارخ علم نخد الا
بدن يجيبو لقاح كورونا وبنادول عنا  يحرق حريشكن  اسمع الخبر بموت الضحك ,others,-1,بدن جيبو لقح كورو ندل عنا حرق حرش سمع خبر بمت ضحك
ممثل خامنئي مدينة كاشان عباس سليماني الدول الأوروبية تريد شراء لقاح الإيراني,info_news,1,مثل خامنئ دين كاش عبس سلم دول ورب ترد شرء لقح اير
وسط مخاوف انهيار جهود مكافحة الفيروس نقص حاد جرعات لقاح بعدد الدول الأوروبية ,info_news,0,وسط خاف هير جهد كفح يرس نقص حاد جرع لقح عدد دول ورب
مصر تتسلم أولى شحنات لقاح أسترازينيكا ,info_news,1,مصر سلم ولى شحن لقح استرازينيكا
  الدفعة الثانية لقاح تصل أرض السلطنة  ,info_news,1,دفع ثني لقح تصل ارض سلط
ردود فعل الاصدقاء تلقيهم مطعوم كورونا امس واليوم سلامات والله يبعد الجميع شر الوباء,personal,1,ردد فعل صدقاء تلق طعم كورو امس يوم سلم ولل بعد جمع شر وبء
ناد بريطاني للأثرياء فقط ينقلهم الإمارات والهند لتلقي لقاح كورونا  ,info_news,1,ناد برط ثرياء فقط نقل امر هند تلق لقح كورو
تقديم جرعة لقاح خلال الـ ساعة الماضية ,info_news,1,قدم جرع لقح خلل الـ سعة اضة
متحدث الصحة مليون مسجل تطبيق صحتي لأخذ لقاح  ,info_news,1,تحدث صحة ملي سجل طبق صحت أخذ لقح
بصراحة لازم نلاقي لقاح للنفسيات المعفنة المحمضة لانو الوضع يحمل ابدا,unrelated,0,صرح لزم نلق لقح نفس عفن حمض لنو وضع حمل ابد
عاجل      وزارة الصحة تعتمد لقاحي أسترازينيكا وموديرنا لقاح فايزر     السعودية,plan,1,عجل وزر صحة عمد لقح استرازينيكا ودر لقح يزر سعد
ماكرون لقاح أسترازينيكا فع ال تقريبا لمن تجاوزوا عاما ,info_news,-1,اكر لقح استرازينيكا فع ال قرب لمن جوز عما
وزارة الصحة تذك   الحصول الجرعة الثانية لقاح كورونا يعني عدم الالتزام بالإجراءات الوقائية,info_news,0,وزر صحة تذك حصل جرع ثني لقح كورو يعن عدم لزم جرء وقي
الأطباء يؤكدون أمان وأهمية لقاح مواجهة الفيروس وحماية الفرد والمجتمع ,info_news,1,طبء ؤكد امن أهم لقح وجه يرس وحم فرد جمع
بالأسماء مركزا أبوظبي يوفر لقاح كورونا مجانا بدون موعد,plan,1,سمء ركز وظب وفر لقح كورو مجا بدن وعد
الضاحية الجنوبية الأن   يوجد لدينا لقاح الحسين والكمية محدودة,plan,0,ضحي جنب الأ وجد لدي لقح حسن كمة حدد
بدعم إيمان المنصور تكتب قصة نجاح للوطن الوصول لقاح سعودي ضد ,info_news,1,دعم ايم نصر كتب قصة نجح وطن وصل لقح سعد ضد
صباحك ومطرحك وزيرة الصحه تعلن مؤتمر صحفي اليوم خطة توزيع لقاح كورونا الصيني   اسمعنا,plan,1,صبح طرح وزر صحه تعل ؤمر صحف اليوم خطة وزع لقح كورو صين سمع
الصحة الأميركية ملايين شخص حصلوا الجرعة الأولى لقاح ,info_news,1,صحة امر لاي شخص حصل جرع ولى لقح
وزير الصحة للمملكة الإقبال جيد ونتوقع زيادته الأيام المقبلة  ,info_news,1,وزر صحة ملك قبل جيد وقع زيد ايم قبل
خذ مطعوم كورونا متت خير متت برضوا خير,personal,0,خذ طعم كورو متت خير متت برض خير
مدير منظمة العالم شفا فشل أخلاقي كارثي يتعلق بلقاحات,info_news,0,دير نظم علم شفا فشل خلق كرث علق لقح
الانتقادات وجهت العام الماضي لإطلاقه مبكر لقاح سبوتنيك فعال ضد فيروس بنسبة,info_news,1,نقد وجه عام اضي إطلاق بكر لقح سبت فعل ضد يرس نسب
الي سمح لهالاشكال تتطعم  خليه ياخذ لقاح ايران,info_news,0,الي سمح لهالاشكال طعم خله يخذ لقح اير
عاجل هيئة الدواء الهولندية تتوقع يكون لقاح فعالا ضد السلالة الجديدة لفيروس,info_news,1,عجل هيئ دوء هولند وقع يكون لقح فعل ضد سلل جدد يرس
كاركاتير لصحيفة تركية يسلط الضوء غلي صفقة تسليم الايغور مقابل لقاح كورونا,info_news,1,كاركاتير صحف ركي سلط ضوء غلي صفق سلم يغر قبل لقح كورو
وزير الصحة التركي نبدأ تطعيم المواطنين تتجاوز أعمارهم عاما اعتبارا الخميس,info_news,1,وزر صحة ترك بدأ طعم وطن جوز عمر عما عبر خمس
المفوضية الأوروبية نجهز خطة لمساعدة الدول الفقيرة للحصول لقاح كورونا,plan,1,فوض ورب جهز خطة سعد دول فقر حصل لقح كورو
ترصد رحلة لقاح بايونتك المستودعات الطبية بمطار فرانكفورت العالم,info_news,1,رصد رحل لقح بين ودع طبة طار فرانكفورت علم
سيدي يتلقى الجرعة الأولى لقاح احفظ سيدي بحفظك,celebrity,1,سيد لقى جرع ولى لقح حفظ سيد حفظ
اليونسيف سنوفر مليار جرعة لقاح كورونا لـ دولة فقيرة,plan,1,نسف وفر لير جرع لقح كورو لـ دول فقر
ووفقا لمراكز السيطرة الأمراض تلقى مليون شخص جرعتهم الأولى لقاح كوفيد الولايات المتحدة الان,info_news,1,وفق ركز يطر مرض لقى ملي شخص جرع ولى لقح كوفيد ولي تحد الن
روسيا تفند أنباء رفض البرازيل تسجيل لقاح سبوتنيك,info_news,1,روس فند باء رفض رازيل سجل لقح سبت
اسرائيل ترفض توفير لقاح كورونا طلب السلطه الفلسطينيه,plan,-1,رائيل رفض وفر لقح كورو طلب سلط فلسطينيه
فيديو أمير يتلقى الجرعة الأولى لقاح,celebrity,1,يدو امر لقى جرع ولى لقح
الملك سلمان بن عبد العزيز يتلقى الجرعة الأولى اللقاح المضاد لفيروس المستجد ,celebrity,1,ملك سلم بن عبد عزز لقى جرع ولى لقح ضاد يرس سجد
وزير الشؤون الإسلامية يتلقى الجرعة الثانية لقاح,celebrity,1,وزر شؤن سلم لقى جرع ثني لقح
محافظة نحتاج إعطاء اللقاح لـ شخص يوميا نستطيع تطعيم ملايين شخص خلال أشهر    ,info_news,1,حفظ حتج عطء لقح لـ شخص يوم تطع طعم لاي شخص خلل شهر
توتر الفارس اثناء تلقيها لقاح كورونا,celebrity,-1,وتر فرس ثنء تلق لقح كورو
علينا بالتعامل اثبت إخلاصه ووفاءه  نكثه للعهود والعقود ويتاجر بأرواحنا ,info_news,1,علي عمل اثب خلص وفء نكث عهد عقد تجر أرواح
علقت الطبيبة أعطت والدها الجرعة الثانية لقاح الواقعة فيديو,info_news,0,علق طبب اعط دها جرع ثني لقح وقع يدو
خادم الحرمين الشريفين حفظه الله يتلقى الجرعة الأولى لقاح كورونا كوفيد    ,celebrity,1,خدم حرم شرف حفظ الل لقى جرع ولى لقح كورو كوفيد
لقو لقاحات لأشرس الفايروسات لقاح العنصرية لاقوه,info_news,0,لقو لقح أشرس يرس لقح عنصر لقه
طالبت سلطة الاحتلال الإسرائيلي بتقديم لقاحات للأسرى الفلسطينيين باعتبارها مسؤولة تقديم يلزم,info_news,1,طلب سلط حلل اسرائيلي قدم لقح سرى لسط عبر سؤل قدم لزم
طارق ذياب محلل  الهزيمة بايرن كانت أشد ألما لقاح فيروس كورونا أخذته اليوم,celebrity,1,طرق ذيب حلل هزم بير كانت اشد الم لقح يرس كورو اخذ اليوم
 للتو أخذت الجرعة الأولى لقاح كوفيد   استعدادات وخدمة فريق العمل المركز رائعة  ,personal,1,لتو اخذ جرع ولى لقح كوفيد عدد خدم فرق عمل ركز رئع
رويترز تحصل إمدادات لقاح أسترا زينيكا بثلاثة ملايين جرعة خلال أسبوع,info_news,1,رويترز حصل مدد لقح سرا زين ثلث لاي جرع خلل سبع
اللقاء   طاب لقاحه طابت   يقصد لقاح,info_news,1,لقء طاب لقح طبت قصد لقح
وزير الصحة التركي ملايين جرعة لقاح كورونا تصل الإثنين قادمة الصين ضمن الدفعة الثانية البالغة ملايين,plan,1,وزر صحة ترك لاي جرع لقح كورو تصل اثن قدم صين ضمن دفع ثني بلغ لاي
حفظه الله يتلقى الجرعة الأولى لقاح كورونا كوفيد  ,celebrity,1,حفظ الل لقى جرع ولى لقح كورو كوفيد
لقاح تحالف فايزر بايونتيك يبدو فعالا ضد النسخة المتحورة فيروس اكتشفت,info_news,1,لقح حلف يزر بايونتيك بدو فعل ضد نسخ تحر يرس كشف
  أكد الأطباء أهمية لقاح فايروس بتلقي اللقاح عبر تطبيق صحتي لحماية نفسك والمجتمع حولك  ,info_news,1,اكد طبء همي لقح يرس تلق لقح عبر طبق صحت لحم نفس جمع حول
مخاوف حملات المعلومات المضللة لقاح كورونا تستهدف المسلمين,rumors,1,خاف حمل علم ضلل لقح كورو هدف سلم
وزارة الصحة التركية تقوم ببيع لقاح فيروس كورونا بضعف السعر لمن يرغب وذلك لتعزيز الاقتصاد التركي,info_news,-1,وزر صحة ركي تقم ببع لقح يرس كورو ضعف سعر لمن رغب وذل عزز قصد ترك
  نزلاء ونزيلات المؤسسات العقابية والإصلاحية يتلقون جرعات لقاح,plan,1,زلء نزل ؤسس عقب صلح تلق جرع لقح
كيفية توزيع البزري يشرح الرأي يكشف تم حجز لقاح فايزر,info_news,1,كيف وزع بزر شرح رأي كشف تم حجز لقح يزر
لقطات أثناء تلقي الملك سلمان الجرعة الأولى لقاح كورونا      ,celebrity,1,لقط ثنء تلق ملك سلم جرع ولى لقح كورو
الف جرعه لقاح اكسفورد المضاد لڤايروس كورونا تصل البلاد تم تصنيعه مصنع سيروم للامصال بالهند,info_news,1,الف جرع لقح كسفورد ضاد ڤايروس كورو تصل بلد تم صنع صنع يرم مصل هند
خادم الحرمين الشريفين الله يمنحه الصحه والعافيه وطولة العمر يتلقى الجرعه الاولى لقاح كورونا,celebrity,1,خدم حرم شرف الل منح صحه عفي وطل عمر لقى جرع ولى لقح كورو
تقدم للسياسيين التابعين لحزب العداله لقاح الفعال لشعبها لقاح تجريبى,plan,1,قدم سيس تبع حزب عدل لقح فعل شعب لقح جريبى
مبادرة كوفاكس تونس والفلسطينيون أوائل الحاصلين لقاح فيروس كورونا,info_news,1,بدر كوفاكس ونس لسط وئل حصل لقح يرس كورو
رويترز دبي تبدأ حملة تطعيم بلقاح شركة سينوفارم الصينية المضاد لكوفيد,info_news,1,رويترز دبي بدأ حمل طعم لقح شرك سينوفارم صين ضاد كوفيد
الدكتور يصف اضطر والداه الانتظار الطابور لمدة ساعات لتلقي,celebrity,1,دكتور يصف ضطر داه نظر طبر لمد ساع تلق
الوباء الصحي طلع أيلو لقاح   الوباء العوني شو بدنا نعمل,unrelated,0,وبء صحي طلع يلو لقح وبء عون شو بدن عمل
فيديو أمير ونائبه يتلقيان الجرعة الأولى لقاح,celebrity,1,يدو امر ونب تلق جرع ولى لقح
 تم اخذ لقاح كوفيد ولله الحمد تنظيم رائع خدمات تفوق الوصف موظفون بهمم عالية وكفاءة رائعة شكرا وطني,personal,1,تم اخذ لقح كوفيد ولل حمد نظم رئع خدم تفق وصف وظف همم علي كفء رئع شكر وطن
حديث صاحب السمو الملكي الأمير تلقيه لقاح_كورونا   كلمات فخر تمثلنا جميعا ,celebrity,1,حدث صحب سمو لكي امر لقه لقاح_كورو كلم فخر مثل جمع
قللي سجلي عندك مصير لقاح ال رح يتم تهريبو سوريا بالفيول ,info_news,0,قلل سجل عند صير لقح ال رح يتم هريبو سور فيل
شغلة  وئام وهاب وجه الممانعة  الشعب بينطر الفتات الايراني خبز نفط  بروح بيسلخ لقاح بالإمارت ,info_news,1,شغل وئم وهب وجه منع شعب نطر فتت اير خبز نفط برح سلخ لقح مرت
الأمير وزير الحرس الوطني عدد منسوبي الوزارة يتلقون الجرعة الأولى لقاح كورونا كوفيد,celebrity,1,امر وزر حرس وطن عدد نسب وزر تلق جرع ولى لقح كورو كوفيد
تجيز استخدام لقاح  ليصبح لقاح   مواجهة فيروس,info_news,1,تجز خدم لقح صبح لقح وجه يرس
متحدث الصحة   السعودية حققت نجاحات كبيرة وهي أوائل الدول وفرت لقاح كورونا,info_news,1,تحدث صحة سعد حقق نجح كبر وهي وئل دول وفر لقح كورو
ميركل تعلق النتائج نشرتها مجلة لانسيت لقاح سبوتنيكالروسي  ,info_news,1,يركل علق نتج نشر جلة لنس لقح سبوتنيكالروسي
صحة الشرقية   استثناءات الحصول لقاح كورونا,info_news,1,صحة شرق ثنء حصل لقح كورو
إقبال ضعيف تلق لقاح بسبب شكوك ومخاوف أعراضه ,info_news,-1,قبل ضعف تلق لقح سبب شكك خاف عرض
 الجرعات الأولى لقاح أسترازينيكا تصل مركز التبريد بالدار البيضاء اقتراب الحملة الوطنية للتطعيم ,info_news,1,جرع ولى لقح استرازينيكا تصل ركز برد دار يضء قرب حمل وطن طعم
اقوى لقاح بالعالم لق الشعب اللبناني كله,info_news,1,اقى لقح علم لق شعب لبن كله
الجزائر ستطلب دفعة جديدة لقاح كورونا الصين ,info_news,1,جزر طلب دفع جدد لقح كورو صين
لقاح موديرنا الأميركي يصل فرنسا الأسبوع,info_news,1,لقح ودر امر يصل رنس سبع
لقاء إذاعة الأولى التابعة لمركز حمدان بن محمد لإحياء التراث للتحدث أهمية تطعيم كوفيد      ,info_news,1,لقء ذعة ولى ابع ركز حمد بن حمد إحياء ترث حدث همي طعم كوفيد
فيديو السفير الأمريكي يتلقى الجرعة الثانية لقاح  ,celebrity,1,يدو سفر امر لقى جرع ثني لقح
ايش الاستطلاع المستفز تصادرو حرية الناس باي حق حر زيه زي لقاح الانفلونزا محد يجبر,personal,0,ايش طلع سفز صادرو حرة ناس باي حق حر زيه زي لقح انفلونزا محد جبر
اللقاح لازم ينحفظ بدرجة حرارة الصفر والا يفقد فعاليته  شلون نضمن اللقاح آمن ,personal,-1,لقح لزم حفظ درج حرر صفر ولا فقد فعل شلن نضم لقح امن
وزير الصحة التركي يؤكد ضرورة تلقي الجميع لقاح كورونا ضمان عودة الحياة طبيعتها,info_news,1,وزر صحة ترك ؤكد ضرر تلق جمع لقح كورو ضمن عود حية طبع
تستطيع منظمة الصحة العالمية إيجاد لقاح ضد ڤايروس الغياب,unrelated,0,تطع نظم صحة علم يجد لقح ضد ڤايروس غيب
فايزر تتوقع عائدات قدرها مليار مبيعات لقاح كورونا,info_news,1,يزر وقع عئد قدر لير بيع لقح كورو
 شاهد متلقية للقاح كورونا إسبانيا تأخذ الجرعة الثانية ,personal,1,شهد تلق قاح كورو سبن أخذ جرع ثني
لقاح كورونا مفطر للصيام مفتي المملكة يوضح,info_news,0,لقح كورو فطر صيم فتي ملك وضح
الرئيس التنفيذي لمعهد أدار بوناوالا مقابلة جرعات المتجهة لـ سيتم شحنها غضون أسبوع أيام,info_news,1,رئس نفذ عهد ادر بوناوالا قبل جرع تجه لـ يتم شحن غضن سبع ايم
دخلكن عنجد ليش بتشوبوا تعرفوا بدوش اللقاح  طيب يسطفلوا     مناخد عنن تزعلوش انتو ,requests,-1,دخل عنجد ليش تشب عرف بدش لقح طيب طفل نخد عنن زعلوش نتو
تبدأ اليوم حقن الطواقم الطبية بـ بمستشفيات العزل ,info_news,1,بدأ اليوم حقن طقم طبة بـ سشف عزل
الصحة العالمية ترحب بنتائح لانسيت لقاح سبوتنيك,info_news,1,صحة علم رحب نتح لنس لقح سبت
فيديو ملايين شخص يتلقون الجرعة الأولى لقاح,info_news,1,يدو لاي شخص تلق جرع ولى لقح
سي ذوو البشرة البيضاء حصولا لقاح تخطي الحجب,info_news,1,سي ذوو بشر يضء حصل لقح تخط حجب
أستراليا تتحرى وفاة مسنين النرويج تلقي لقاح فايزر,info_news,-1,رال حرى وفة مسن روج تلق لقح يزر
السفير الأمريكي بـ يتلقى لقاح ويشيد بكفاءة الأطقم الصحية  ,celebrity,1,سفر امر بـ لقى لقح يشد كفء طقم صحة
طبيب سعودي يفند شائعات احتواء لقاح شرائح وروبوتات  ,rumors,1,طبب سعد فند شئع حوء لقح شرح روبو
ليـتـنا بـيـنك وبـيـن المضــر  غزة الإبرة سكرة الموت  حفظك_الله_ورعاك_والدنا_سلمان_الحزم_ ,info_news,1,ـتـ بــ بــ ضــر غزة ابر سكر موت حفظك_الله_ورعاك_والدنا_سلمان_الحزم_
بتوفيق الله تم الجرعة الأولى لقاح  شكرا قيادتنا الرشيدة  شكرا ,personal,1,وفق الل تم جرع ولى لقح شكر قيد رشد شكر
رئيس الوزراء البريطاني نعتقد لقاح أسترازينيكا فعال الفئات العمرية عكس تعتقد ألمانيا,plan,1,رئس زرء برط عتقد لقح استرازينيكا فعل فئت عمر عكس عقد لمن
  الفئات الأكثر حاجة لأخذ لقاح  سجل عبر تطبيق للحصول اللقاح ,info_news,1,فئت كثر حجة أخذ لقح سجل عبر طبق حصل لقح
وزير الصحة يتلقى الجرعة الثانية لقاح فايزر ويدلي بتصريح,celebrity,1,وزر صحة لقى جرع ثني لقح يزر يدل صرح
يثق بالصيني التقنية المستخدمة مجربة لسنوات طويلة وهناك يفضل يأخذ لقاح    يوجد لقاح أفضل الآخر,info_news,0,يثق صين قني خدم جرب سنو طول وهن فضل أخذ لقح وجد لقح فضل اخر
وزير الرياضة يتلقى الجرعة الأولى لقاح كورونا  ,celebrity,1,وزر ريض لقى جرع ولى لقح كورو
وزير الرياضة يتلقى الجرعة الأولى لقاح كورونا,celebrity,1,وزر ريض لقى جرع ولى لقح كورو
سمو أمير منطقة يتلقى ويتفقد مركز استقبال المتقدمين اللقاح,celebrity,1,سمو امر نطق لقى فقد ركز قبل تقدم لقح
مشهد اختبارات شركة طبية لــ لقاح كورونا الحيوانات,info_news,1,شهد خبر شرك طبة لــ لقح كورو حيو
عبر مؤثري مواقع التواصل تشجع تلقي لقاح,info_news,1,عبر ؤثر وقع وصل شجع تلق لقح
إصابة إسرائيلي بشلل الوجه تلقي لقاح فايزر,personal,0,صبة اسرائيلي شلل وجه تلق لقح يزر
طبيب الزمالك إعطاء لقاح كورونا للاعبين مش هجرب اللعيبة ,info_news,-1,طبب زمل عطء لقح كورو اعب مش هجرب لعب
صدق او تصدق طبيا وعلميا اللقاح الصيني الأكثر أمانا وفعالية عناد غربي ضد التفوق الصيني يعترفوا ,info_news,1,صدق او صدق طبا علم لقح صين كثر اما فعل عند غرب ضد تفق صين عرف
وزير الصحة فخرالدين قوجا أثناء تلق يه جرعة تطعيم لقاح,celebrity,1,وزر صحة خرلد قوج ثنء تلق يه جرع طعم لقح
يمنع العاصفة ونجاح تكراره يعني السيطرة دواء محتمل يساير لقاح,info_news,1,منع عصف نجح كرر يعن يطر دوء حمل سير لقح
أمير منطقة فيصل بن بندر يتلقى الجرعة الأولى  ,celebrity,1,امر نطق يصل بن ندر لقى جرع ولى
فيديو متحدث الصحة لـ لقاح كورونا شرطا للسماح بالسفر الخارج,restrictions,0,يدو تحدث صحة لـ لقح كورو شرط سمح سفر خرج
ستبدأ الكلاب الضالة نشر الإشاعات حول لقاح كوفيد عمليات التلقيح الجزائر,rumors,0,بدأ كلب ضلة نشر اشع حول لقح كوفيد عمل لقح جزر
العربية تويتر يغلق حساب خامنئي بالانجليزي بسبب تغريدة تحوي معلومات كاذبة لقاح,info_news,0,عرب يتر غلق حسب خامنئ جلز سبب غرد تحي علم كذب لقح
تستقبل أولى شحنات لقاح المضاد لفيروس ساعات منحه الموافقة الطارئة  ,info_news,1,قبل ولى شحن لقح ضاد يرس ساع نحه وفق طرئ
 تتردد المبادرة بأخذ لقاح كوفيد حماية ولإسرتك ومجتمعك ووطنك,advice,1,ردد بدر أخذ لقح كوفيد حمي إسر جمع وطن
يسجل رقما قياسيا الاتحاد_الأوروبي يبحث اعتماد لقاح,info_news,1,سجل رقم قيس اتحاد_الأوروبي بحث عمد لقح
فيديو العيار الثقيل حول لقاح فايزر,info_news,0,يدو عير ثقل حول لقح يزر
التأخير وصول اللقاح الى لبنان كذبة كبيرة وراءها وهدفها الأساسي إجبار الللبنانيين تلقي لقاح,info_news,1,أخر وصل لقح الى لبن كذب كبر ورء هدف سسي جبر للب تلق لقح
نائبة الرئيس الأرجنتيني تتلقى لقاح سبوتنيكالروسي ضد كورونا ,celebrity,1,نئب رئس ارج لقى لقح سبوتنيكالروسي ضد كورو
اقتصادية دبي لقاح كوفيد دفعة قوية للقطاع,info_news,1,اقتصادية دبي لقح كوفيد دفع قوة قطع
تطعيمه بجرعتين لقاح فايزر كبير حاخامات تل أبيب يصاب بكورونا,celebrity,0,طعم جرع لقح يزر كبر حاخام تل ابب يصب كورو
قائد القوات البرية الملكية يتلقى الجرعة الثانية لقاح كورونا ,celebrity,1,قئد قوت برة لكة لقى جرع ثني لقح كورو
دراسة الدول الغنية تخسر تريليون أهملت تطعيم الشعوب الأفقر ,info_news,1,درس دول غنة خسر ترل همل طعم شعب فقر
الحمدلله خذت التطعيم الأول لقاح كوفيد الاجراءات سهلة ممتازة,personal,1,حمدلل خذت طعم اول لقح كوفيد جرء سهل متز
غموض يلف لقاح كورونا المغرب وزارة الصحة تواجه الأزمة بالصمت,info_news,1,غمض يلف لقح كورو غرب وزر صحة وجه ازم صمت
تزامنا قرب توفيره المنطقة أمير نجران يوجه بتنفيذ حملة توعوية مجتمعية حول أهمية لقاح كورونا,plan,1,تزم قرب وفر نطق امر نجر يوج نفذ حمل وعو جمع حول همي لقح كورو
المفوضية الأوروبية أسترازينيكا ستسلمنا ملايين جرعة إضافية لقاح كورونا,info_news,1,فوض ورب استرازينيكا سلم لاي جرع ضفي لقح كورو
لقاح فايزر هوي جاي عا لبنان,info_news,1,لقح يزر هوي جاي عا لبن
وزارة الصحة تعلن تقديم جرعة لقاح خلال الـ ساعة الماضية والعدد الإجمالي اليوم ,info_news,1,وزر صحة تعل قدم جرع لقح خلل الـ سعة اضة عدد جمل اليوم
الجزائر تعلن وصول دفعة لقاح سبوتنيكالروسي عاجل ,info_news,1,جزر تعل وصل دفع لقح سبوتنيكالروسي عجل
أردوغان وصلنا ملايين جرعة لقاح لكورونا الصين كمرحلة أولى وسيصل العدد مليون,plan,1,ردغ وصل لاي جرع لقح كورو صين كمرحل ولى يصل عدد ملي
يعني اللي انبسطوا وبررولواسفرو انو كرمال يأمنلا لقاح طلعت فرحتكن عالفاضي,personal,0,يعن الل بسط وبررولواسفرو انو كرمال أمنل لقح طلع فرح عالفاض
الدكتور وائل الهياجنة مطعوم هندي جديد ضد كورونا يسمى بهارات ,unrelated,0,دكتور وئل هيج طعم هند جدد ضد كورو سمى بهر
قلق بسبب وفاة شخصا تلقيهم لقاح المضاد لـ,info_news,-1,قلق سبب وفة شخص تلق لقح ضاد لـ
الملك حفظه الله يتلقى الجرعة الأولى لقاح كورونا كوفيد  اللهم احفظه بحفظه ياحي ياقيوم  ,celebrity,1,ملك حفظ الل لقى جرع ولى لقح كورو كوفيد لهم حفظ حفظ يحي قيم
اعراض لقاح اكسفورد اسوء لقاح فيزار  انا طبعا حسن حظي خديت لقاح اكسفورد النمي ,personal,1,عرض لقح كسفورد اسء لقح يزر انا طبع حسن حظي خدت لقح كسفورد نمي
بدو شي فنان لبناني يعملنا أغنية وفيديو كليب,personal,1,بدو شي فنن لبن عمل غني يدو كلب
خطيب فعل الأسباب لقاح الإجراءات الصحية وعدم تصديق إشاعات المرجفين  ,info_news,1,خطب فعل سبب لقح جرء صحة عدم صدق اشع رجف
برلماني ايراني لقاح فايزر جيدا أعطاه الاميركيون ابدا ,info_news,-1,رلم اير لقح يزر جيد عطه امر ابد
إيران رغم الحصار تصنع الأسلحة الصواريخ الأدوية والآن اللقاح ضد فايروس كورونا  ,personal,1,اير رغم حصر صنع سلح صواريخ دوي ولآ لقح ضد يرس كورو
زبورة عم تكذب مافي لقاح ماهيك انا عارف,rumors,0,زبر عم كذب افي لقح اهك انا عرف
زيادة عافيته ودوام صحته  وطولا مره الله العافية جسد  والدنا وولي أمرنا صب تجعله يشكو  ألم واحفظه شر,celebrity,1,زيد عفي دوم صحت وطل مره الل عفي جسد دنا ولي امر صب جعل شكو الم حفظ شر
وصول الطائرة العسكرية الان الى مطار بوفاريك وعلى متنها لقاح  قادمة العاصمة الروسية موسكو,info_news,1,وصل طئر عسكر الن الى طار وفر على متن لقح قدم عصم روس وسكو
توصيات حول الفترة الفاصلة جرعت لقاح فايزر  ,info_news,1,توص حول فتر فصل جرع لقح يزر
اتوقع الي بياخذون اللقاح عشان السفر  ,restrictions,1,وقع الي يخذ لقح عشن سفر
صورة للفريق الطبي تمكن إنتاج لقاح سعودي ضد فايروس كورونا المستجد لقائهم بمعالي وزير التعليم,info_news,1,صور فرق طبي تمك ناج لقح سعد ضد يرس كورو سجد لقئ عال وزر علم
السيد القائد الامام الخامنئي  دخول اللقاحين الأميركي والبريطاني ممنوع كونه لقاح اختبار الشعوب ,info_news,-1,سيد قئد امم خامنئ دخل لقح امر برط منع كون لقح خبر شعب
بدء تصنيع سبوتنيك الروسي محليا خلال أسابيع   حان الأوان لنتحول مستورد للقاحات مصد ,plan,1,بدء صنع سبت روس محل خلل ابع حان اون تحل ورد قاح مصد
سمو رئيس مجلس الوزراء يتلقى الجرعة الثانية لقاح كورونا ضمن الحملة الوطنية للتطعيم  ,celebrity,1,سمو رئس جلس زرء لقى جرع ثني لقح كورو ضمن حمل وطن طعم
اخد اللقاح سلاحنا الوحيد ضد الوباء وفتح القطاعات الاقتصادية بكامل طاقتها الانتاجية ,info_news,1,اخد لقح سلح وحد ضد وبء فتح قطع اقتصادية كمل طقت ناج
وزير الخارجية التونسي إتصلت بوزير الخارجية الجزائري وأكد موافقة تقاسم لقاح فور وصوله,info_news,1,وزر خرج ونس تصل وزر خرج جزر أكد وفق قسم لقح فور وصل
الإمارات تتخطى حاجز المليوني جرعة لقاح كوفيد,info_news,1,امر خطى حجز ليو جرع لقح كوفيد
هيئة الأدوية الأوروبية تبحث اعتماد لقاح أسترازينكا أكسفورد المضاد لـ كورونا الأسبوع المقبل,plan,1,هيئ دوي ورب بحث عمد لقح استرازينكا كسفورد ضاد لـ كورو سبع قبل
أكبر الباكر سيتعين الجميع إبراز شهادة لقاح كورونا للصعود للطائرة,info_news,1,كبر بكر يتع جمع برز شهد لقح كورو صعد طئر
الصحة الألماني نتوقع إقرار الاتحاد الأوروبي لاستخدام لقاح أسترازينيكا ضد كورونا يوم الجمعة,info_news,1,صحة الم وقع قرر تحد ورب لاستخدام لقح استرازينيكا ضد كورو يوم جمع
شركة  تسجيل تجربة لقاح ضد فيروس كورونا للأطفال تتراوح أعمارهم عاما ,info_news,1,شرك سجل جرب لقح ضد يرس كورو طفل روح عمر عما
رئيس لجنة الصح النيابية عاصم عراجي ملايين لقاح فايزر الكوفيكس ستوز مجانا المواطننين لبنان لبنان,info_news,1,رئس لجن لصح نيب عصم عرج لاي لقح يزر كوفيكس ستز مجا وطن لبن لبن
لقاح جرعة واحدة يظهر قريبا وآخر طريق الأنف وكل يسعى للقاح سيحصل داعي للذعر,info_news,1,لقح جرع وحد ظهر قرب آخر طرق انف وكل سعى قاح حصل دعي ذعر
  سيدي خادم الحرمين الشريفين الملك سلمان بن عبدالعزيز حفظه الله يتلقى الجرعة الأولى لقاح كوفيد,celebrity,1,سيد خدم حرم شرف ملك سلم بن عبدالعزيز حفظ الل لقى جرع ولى لقح كوفيد
   مواطن سعودي يحضر لأخذ جرعة لقاح فيروس وابنته تقوم بذلك  ,others,1,وطن سعد حضر أخذ جرع لقح يرس وبن تقم بذل
تخصيص مليار مليون لـ لشراء لقاح,info_news,1,خصص لير ملي لـ شرء لقح
وزير الصحة يتلقى الجرعة الثانية لقاح,celebrity,1,وزر صحة لقى جرع ثني لقح
تم بحمد الله تلقي الجرعه الثانيه  لقاح كوڤيد الشكر لوزارة الصحه والداخليه وحفظ الله الكويت مكروه,info_news,1,تم حمد الل تلق جرع ثني لقح كوڤيد شكر وزر صحه دخل حفظ الل كوت كره
الاتحاد الاوروبي يتخذ قرارا بمنع تصدير لقاح كورونا الى دول اوروبية  مبروك علينا تفاح فرنسا هههه,plan,0,تحد ورب تخذ قرر منع صدر لقح كورو الى دول ورب برك علي تفح رنس ههه
والله ابو نوره ماقصر عطانه زبدة لقاح كورونا,personal,1,ولل ابو نور اقصر عطن زبد لقح كورو
إسطنبول وصول الدفعة الثانية لقاح كورونا الصيني   رابط بديل,info_news,1,طنبول وصل دفع ثني لقح كورو صين ربط بدل
خادم الحرمين الشريفين تلقى الجرعة الأولى لقاح,celebrity,1,خدم حرم شرف لقى جرع ولى لقح
 اقترحنا الجزائر مساعدتها إنتاج لقاح محليا  ,info_news,1,قرح جزر سعد ناج لقح محل
متحدث وزارة الصحة   المشككون كانوا ينشرون خلطات علاجها بداية الجائحة  ,info_news,1,تحدث وزر صحة شكك كان نشر خلط علج بدي جئح
فحوص مختبرية تظهر لقاح فايزر بيونتيك سيقي سلالة الجديدة المكتشفة  ,info_news,1,فحص خبر ظهر لقح يزر بين سيق سلل جدد كشف
الصحة العالمية تحصل مليون جرعة لقاح  لبرنامج كوفاكس  ,info_news,1,صحة علم حصل ملي جرع لقح رنمج كوفاكس
الرئيس الإندونيسي يتلقى جرعة لقاح صيني مضاد لفيروس الجديد ,info_news,1,رئس اندونيسي لقى جرع لقح صين ضاد يرس جدد
وزير الأوقاف يجوز إخراج الزكاة لتوفير لقاح فيروس كورونا للفقراء ,info_news,1,وزر وقف يجز خرج زكة وفر لقح يرس كورو قرء
اليوم انطلاق تقديم لقاح فيروس كورونا المدينة المنورة  ,info_news,1,اليوم طلق قدم لقح يرس كورو دين نور
شركة فايزر تؤكد لـ أنها ستسلم الجرعات المتوقعة الربع الأول مقرر  ,info_news,1,شرك يزر ؤكد لـ انه سلم جرع توقع ربع اول قرر
مقطع فيديو متداول المغردين لأب تلقى جرعة لقاح يد إبنته وعبر مشاعره بعفويه ,info_news,1,قطع يدو داول غرد لأب لقى جرع لقح يد ابن عبر شعر عفو
الجرعة الثانية لقاح كورونا   منو يبي الباسوورد,info_news,1,جرع ثني لقح كورو منو يبي ورد
بأس ياسيد المجد  سيدي سلمان بن عبدالعزيز  أسال الله بأن يحفظك بحفظه  الأمة الشعب,celebrity,1,بأس اسد مجد سيد سلم بن عبدالعزيز اسل الل بأن حفظ حفظ امة شعب
لقاح الكورونا تم تصنيعه داخل البلد مدعاة اعتزاز وافتخار للبلد   الإمام الخامنئي  ,personal,1,لقح كورو تم صنع دخل بلد دعة عزز فخر بلد امم خامنئ
اسبوع صفقة ادوية جديدة واصلة لبنان لقاح,info_news,1,سبع صفق دوي جدد وصل لبن لقح
فضيلة الشيخ عبدالله الطيار  عضو الإفتاء بمنطقة  التشكيك لقاح كورونا,info_news,-1,فضل شيخ عبدالل طير عضو فاء نطق شكك لقح كورو
وزارة الصحة الأميركية ملايين شخص حصلوا الجرعة الأولى لقاح كورونا,info_news,1,وزر صحة امر لاي شخص حصل جرع ولى لقح كورو
الأكثر قراءة يجب تعرفه إجراءات لقاح كورونا الإمارات ,info_news,1,كثر قرء يجب عرف جرء لقح كورو امر
وزارة الصحة العراقية تحذر خطورة التهاون مواجهة كورونا وتجري استعدادات لاستقبال لقاح فايزر ,info_news,1,وزر صحة عرق حذر خطر تها وجه كورو تجر عدد لاستقبال لقح يزر
عاجل      حفظه الله يتلقى الجرعة الأولى لقاح كورونا كوفيد    ,celebrity,1,عجل حفظ الل لقى جرع ولى لقح كورو كوفيد
رئيس موديرنا للحديث لقاح شركته ضد وعن,plan,-1,رئس ودر حدث لقح شرك ضد وعن
الحين صارله فتره عنده شركه لقاح ويجربها اطفال افريقيا عنده خبره الحين المجال,info_news,-1,حين صرل فتر عند شرك لقح جرب طفل فرق عند خبر حين جال
الأطباء بدء تلقي الطاقم الطبي بمستشفى عزل ملوي المنيا لقاح فيروس كورونا,plan,1,طبء بدء تلق طقم طبي شفى عزل لوي نيا لقح يرس كورو
فيديو يتم رصد أعراض جانبية للقاح    ,info_news,1,يدو يتم رصد عرض جنب قاح
سناخذ لقاح الكورونا الزمان والمكان المناسبين احنا فليل ليرهب كورونه ,personal,1,نخذ لقح كورو زمن كان نسب احن فلل رهب كورو
رغم الجدل المثار حوله الإمارات ترخص استخدام لقاح سبوتنيك الروسي ,info_news,1,رغم جدل ثار حول امر رخص خدم لقح سبت روس
ساتحدث لقاح جديد سيرخص قريبا ويقلب الطاولة ,personal,1,حدث لقح جدد رخص قرب قلب طال
يتلقى الجرعة الأولى   الله يحفظك ويديم الصحة والعافية,celebrity,1,لقى جرع ولى الل حفظ يدم صحة عفي
ملك الأردن يتلقى لقاح فيروس كورونا  ,celebrity,1,ملك ارد لقى لقح يرس كورو
أستراليا توافق لقاح فايزر المضاد لفيروس كورونا ,info_news,1,رال وفق لقح يزر ضاد يرس كورو
دمت خير قدوة الله يحفظك ويطول بعمرك ,celebrity,1,دمت خير قدة الل حفظ يطل عمر
فارس كرم أعنف هجوم مشاهير لقاح كورونا قصد عاصي الحلاني  ,celebrity,0,فرس كرم عنف هجم مشاهير لقح كورو قصد عصي حلا
ثبوت فعالية لقاح التجارب البريطانية خبر جيد ,info_news,1,ثبت فعل لقح جرب بريطانية خبر جيد
رئيس حكومة عربي يتلقى لقاح سبوتنيك عاجل  ,celebrity,1,رئس حكم عرب لقى لقح سبت عجل
تحصل ملايين جرعة لقاح أسترازينيكا خلال أسبوع  ,info_news,1,حصل لاي جرع لقح استرازينيكا خلل سبع
يلي صرلو سنة ملز الكرسي شغلة عملة بيحرز ينعمل لقاح للكورونا,personal,1,يلي صرلو سنة ملز كرس شغل عمل حرز عمل لقح كورو
أعلنت منظمة الإيرانية ظهر اليوم الأربعاء   عدد ضحايا مدينة تجاوز شخص ,info_news,-1,اعل نظم يرن ظهر اليوم ربعاء عدد ضحا دين جوز شخص
وزير الصحة نعلم مدى فعالية لقاح كورونا   ,info_news,0,وزر صحة علم مدى فعل لقح كورو
اتفاق منظمة الصحة العالمية وفايزر بايونتيك لتأمين مليون جرعة لقاح لمنصة كوفاكس,plan,1,تفق نظم صحة علم يزر بايونتيك تأم ملي جرع لقح منص كوفاكس
شركة السويسرية تعلن التوصل لاتفاق إنتاج لقاح,info_news,1,شرك يسر تعل وصل تفق ناج لقح
مصادر عبرية إصابة حاخام تل أبيب مئير لاو بفيروس كورونا حصوله الجرعة الثانية لقاح كورونا,info_news,-1,صدر عبر صبة حاخام تل ابب ئير لاو يرس كورو حصل جرع ثني لقح كورو
خلال الـ ساعة تلقوا جرعة لقاح كورونا,info_news,1,خلل الـ سعة تلق جرع لقح كورو
خادم الحرمين الشريفين حفظه الله يتلقى الجرعة الأولى لقاح كورونا كوفيد,celebrity,1,خدم حرم شرف حفظ الل لقى جرع ولى لقح كورو كوفيد
خبير أوبئة يقي خطورة لقاح تظهر عليهم أعراض  ,info_news,-1,خبر وبئ يقي خطر لقح ظهر علي عرض
قال أتلقح قاح صيني  معليه برستيجي بيسمح,personal,1,قال لقح قاح صين عله رستيج سمح
ترجمة تعليق مهم الممثل أرنولد لقاح  ,info_news,1,رجم علق مهم مثل رنولد لقح
ايه وكل طائفة يكون عندها سمسار يجيب لقاح,info_news,1,ايه وكل طئف يكون عند سار يجب لقح
مسؤول روسي تصبح مركز لتوزيع لقاح سبوتنيك أسترازينيكا الشرق الاوسط  ,info_news,1,سؤل روس صبح ركز وزع لقح سبت استرازينيكا شرق وسط
حفظك الله ورعاك وأمدك بموفور الصحة والعافية  ,celebrity,1,حفظ الل ورع أمد وفر صحة عفي
عملية شحن دفعة لقاح سبوتنيك المضاد لفيروس كورونا بمطار شيريميتييفو الدولي بموسكو باتجاه الجزائر,info_news,1,عمل شحن دفع لقح سبت ضاد يرس كورو طار شيريميتييفو دول وسكو بتج جزر
الصيحة   الصحة العالمية أسر بالخرطوم ترفض تطعيم أبنائها ضد شلل الأطفال,unrelated,0,صيح صحة علم اسر خرطوم رفض طعم بنئ ضد شلل طفل
فعلت لتوزيع ملياري جرعة لقاحات للدول النامية  ,plan,1,فعل وزع لير جرع لقح دول نمي
عمرو أديب مصر ستبدأ تطعيم المواطنين كورونا الأسبوع المقبل,info_news,1,عمرو ادب مصر بدأ طعم وطن كورو سبع قبل
مواجهة متسارعة لفيروس الددول الأوروبية توافق استخدام لقاح تمنحه الترخيص ,info_news,1,وجه سارع يرس ددل ورب وفق خدم لقح منح رخص
عدد تلقوا لقاح فيروس أفراد الطواقم الطبية التركية يتجاوز ألفا,info_news,1,عدد تلق لقح يرس فرد طقم طبة ركي جوز الف
تعرفوا شكل شهادة مطعوم كورونا يحصل عليها الأفراد الجرعات المخصصة  ,info_news,1,عرف شكل شهد طعم كورو حصل عليها فرد جرع خصص
الحمد لله نعمة العظيمه اخذت الجرعة الثانية لقاح جهود رائعة تنظيم فاخر الحمد لله اني سعودي,personal,1,حمد لله نعم عظم اخذ جرع ثني لقح جهد رئع نظم فخر حمد لله اني سعد
يبيع الوهم لشعبه خلال لقاح فعال  ,info_news,1,يبع وهم شعب خلل لقح فعل
وفاة مساعدة طب الأطفال يومين تلقي لقاح وهم كورونا وتضع السلطات الصحية البرتغالية حالة تأهب,info_news,-1,وفة سعد طب طفل يوم تلق لقح وهم كورو تضع سلط صحة برتغالية حلة أهب
 خطوات للتسجيل تطبيق لأخذ لقاح  لتحميل التطبيق ,info_news,1,خطو سجل طبق أخذ لقح حمل طبق
رويترز تحصل ملايين جرعة لقاح أسترا زينيكا المضاد لكورونا وأولى الإمدادات غضون أسبوع  ,info_news,1,رويترز حصل لاي جرع لقح سرا زين ضاد كورو أولى مدد غضن سبع
الملك سلمان يتلقى الجرعة الأولى لقاح كورونا  ,celebrity,1,ملك سلم لقى جرع ولى لقح كورو
سيدي الأمير  نائب أمير منطقة يتلقى الجرعة الأولى لقاح    ,celebrity,1,سيد امر نئب امر نطق لقى جرع ولى لقح
اثناء الانتظار دقيقة تلقي الجرعة الثانية تطعيم كوفيد التحية والشكر للمملكة علي النظام الرائع والرقي,personal,1,ثنء نظر دقق تلق جرع ثني طعم كوفيد تحة شكر ملك علي نظم رئع رقي
تتم عملية شحن وتوزيع مختلف ولايات الوطن,info_news,1,تتم عمل شحن وزع خلف ولي وطن
مسؤول أميركي تلقي اللقاح المضاد لفيروس كورونا يعني حرية السفر  التفاصيل,info_news,1,سؤل امر تلق لقح ضاد يرس كورو يعن حرة سفر فصل
شكرا لحكومتنا الرشيده  شكرا لأهتمامكم حرصكم علينا  أسأل الله ينفع ,personal,1,شكر حكم رشد شكر أهتمام حرص علي سأل الل نفع
الملك سلمان بن عبدالعزيز يتلقى الجرعة الاولى لقاح فيروس كورونا,celebrity,1,ملك سلم بن عبدالعزيز لقى جرع ولى لقح يرس كورو
بالصور واس العاهل السعودي يتلقى الجرعة الأولى  ,info_news,1,صور واس عهل سعد لقى جرع ولى
فيديو تطلق اليوم حملة تطعيم بمركز نجود الطبي  ,info_news,1,يدو طلق اليوم حمل طعم ركز نجد طبي
نوال الزغبي مرحبا دبي ستتلق لقاح كورونا سر تصوير  ,celebrity,1,نول زغب رحب دبي تلق لقح كورو سر صور
خادم الحرمين الشريفين يتلقى الجرعة الأولى لقاح كورونا كوفيد,celebrity,1,خدم حرم شرف لقى جرع ولى لقح كورو كوفيد
وزيرة الإعلام لـ اقترحنا يكون للإعلاميين الاولوية تلقي لقاح كورونا,plan,1,وزر علم لـ قرح يكون علم ولو تلق لقح كورو
الفنان القدير محمد عبده يأخذ لقاح كورونا,celebrity,1,فنن قدر حمد عبد أخذ لقح كورو
تعر لقاح كورونافاك الصيني المضاد لفيروس,info_news,1,تعر لقح كورونافاك صين ضاد يرس
أطر صحية بتنغير تتلقى الجرعة الأولى لقاح كورونا,info_news,1,اطر صحة نغر لقى جرع ولى لقح كورو
المدير العام لمنظمة الصحة العالمية يشدد أهمية شمول حملات التلقيح ضد الدول خلال يوم  ,info_news,1,دير عام نظم صحة علم شدد همي شمل حمل لقح ضد دول خلل يوم
نطالب ممثل العرگچية بإيجاد لقاح كورونا كونه يقبع بالسلطة سنين ,plan,1,طلب مثل عرگچ إيجاد لقح كورو كون قبع سلط سنن
سلطنة عمان اضطرابات حملة التطعيم ضد كورونا بسبب تأخر إمدادات لقاح فايزر ,info_news,1,سلط عمن ضطراب حمل طعم ضد كورو سبب أخر مدد لقح يزر
الصحة العالمية تحور يفرض علينا أساليب جديدة لمواجهته,info_news,1,صحة علم تحر فرض علي الب جدد لمواجهته
المعلمون المجموعة الثانية ستتلقى لقاح كورونا تركيا,info_news,1,علم جمع ثني لقى لقح كورو ترك
دول أوروبية تعرب قلقها البالغ تأخر تسليم لقاح فايزر,info_news,1,دول ورب عرب قلق بلغ أخر سلم لقح يزر
حفظه الله يتلقى الجرعة الأولى لقاح كورونا كوفيد,celebrity,1,حفظ الل لقى جرع ولى لقح كورو كوفيد
دكتور فاوتشي لهذا السبب يجب الأشخاص تلقي لقاح بأسرع وقت ممكن,info_news,1,دكتور وتش لهذا سبب يجب شخص تلق لقح أسرع وقت مكن
لقاح هندي ضد كورونا يصل مسقط,info_news,1,لقح هند ضد كورو يصل سقط
تستقبل الدفعة الأولى لقاح فيروس كورونا,plan,1,قبل دفع ولى لقح يرس كورو
وزيرة الإعلام اقترحنا يكون للإعلاميين الاولوية تلقي لقاح كورونا ,info_news,1,وزر علم قرح يكون علم ولو تلق لقح كورو
يواصل الكذب علي شعبه ويقدم لقاح فعال للشعب التركي للخروج أزمة فيروس كورونا,plan,-1,يصل كذب علي شعب قدم لقح فعل شعب ترك خرج ازم يرس كورو
عادل العدوي نهدف يكون لدينا خطوط إنتاج لقاح كورونا مصر بالتنسيق خطوط الإنتاج العالمية ,info_news,1,عدل عدي هدف يكون لدي خطط ناج لقح كورو مصر نسق خطط ناج علم
المتحدث باسم جون يتم تطعيم بصدد إيقاف الخطة نراجع بروتوكولات حماية قواتنا,plan,1,تحدث بسم جون يتم طعم صدد يقف خطة رجع بروتوكول حمي قوت
ارتفاع الوفيات لمليونين تحذر عواقب استمرار حصول مواطني الدول الغنية لقاح مقابل بطء وصوله الفقيرة ,requests,1,رفع وفي ليو حذر عقب رار حصل واط دول غنة لقح قبل بطء وصل فقر
الفنان عبادي الجوهر يتلقى لقاح فايروس كورونا,celebrity,1,فنن عبد جوهر لقى لقح يرس كورو
بإمكانك التسجيل عبر تطبيق صحتي لأخذ,advice,1,بإم سجل عبر طبق صحت أخذ
إيران تبرم عقدا لاقتناء وإنتاج لقاح سبوتنيكالروسي ,plan,1,اير برم عقد قنء إنتاج لقح سبوتنيكالروسي
الف وظيفة الف لقاح كتير علينا والله هالسعادة,info_news,1,الف وظف الف لقح كتر علي ولل هالسعادة
الله ان يجعل معها العافية وطولة العمر  يـ فهد ,celebrity,1,الل ان جعل عها عفي وطل عمر يـ فهد
خبر عاجل آية الله خامنئي يحظر استيراد لقاح أمريكي بريطاني لفيروس كورونا,plan,-1,خبر عجل اية الل خامنئ حظر يرد لقح امر برط يرس كورو
اليوم أخذت الجرعة الأولى لقاح كورونا بالصحة السلامة رب شكرا دولة شكرا,personal,1,اليوم اخذ جرع ولى لقح كورو صحة سلم رب شكر دول شكر
نستهدف تطعيم نصف السكان خلال الربع الأول,info_news,1,هدف طعم نصف سكن خلل ربع اول
تم بحمد الله الجرعة الثانية اللقاح المضاد لكورونا,personal,1,تم حمد الل جرع ثني لقح ضاد كورو
قصر باكنجهام الملكة إليزابيث الثانية وزوجها يتلقيان لقاح فيروس ,celebrity,1,قصر باكنجهام لكة اليزابيث ثني وزج تلق لقح يرس
الحمدلله اخدنا لقاح كورنا   تنظيم واستقبال  ورحابة صدر  شي راقي جدآ,personal,1,حمدلل اخد لقح كور نظم واستقبال رحب صدر شي رقي جدآ
عاجل الإمارات تعلن تقديم جرعة لقاح فيروس كورونا خلال الـ ساعة الماضية والإجمالي يتخطى مليون جرعة,info_news,1,عجل امر تعل قدم جرع لقح يرس كورو خلل الـ سعة اضة جمل خطى ملي جرع
حصلت اليوم الجرعة الثانية ولله الحمد,celebrity,1,حصل اليوم جرع ثني ولل حمد
عدوة الشعوب ترفض استعمارها  والنوايا الشيطانية,info_news,1,عدة شعب رفض عمر نوا شيط
تطعيم الإنفلونزا الموسمية يقي فايروس كورونا   شاركونا آرائكم الهاشتاق,personal,0,طعم انفلونزا وسم يقي يرس كورو شاركو ارئ هاشتاق
اللهم الرضا العميق والطمأنينة الدائمة وقوة التوڪل وجميل البشارات الآتية منك يارب      ,celebrity,1,لهم رضا عمق طمأ دئم وقة وڪل جمل بشر اتة منك يرب
غد الدراسات الاجتماعية قيم ندوة علمية لمناقشة بـ,info_news,1,غد درس اجتماعية قيم ندة علم نقش بـ
قالتا لقاحهما فعال ضد النسختين المتحورتين البريطانية وجنوب الإفريقية لكورونا,info_news,1,قلت لقح فعل ضد نسخ تحر بريطانية جنب فرق كورو
مصر تتسلم شحنة لقاح أوكسفورد أسترازينيكا المضاد لكورونا ,info_news,1,مصر سلم شحن لقح اوكسفورد استرازينيكا ضاد كورو
حفظه الله  يتلقى الجرعة الأولى  لقاح كورونا كوفيد,info_news,1,حفظ الل لقى جرع ولى لقح كورو كوفيد
مواطن يتلقى اليوم الجرعة الثانية لقاح اللافت للانتباه ابنته تعطيه الجرعة ,personal,1,وطن لقى اليوم جرع ثني لقح لفت نبه ابن عطه جرع
الفنان الإماراتي يتلقى الجرعة الأولى لقاح ويعبر سعادته وفخره بذلك,celebrity,1,فنن مرا لقى جرع ولى لقح عبر سعد فخر بذل
متحدث الصحة   تلقى لقاح كورونا الاستمرار بتطبيق الاجراءات الوقائية,advice,1,تحدث صحة لقى لقح كورو رار طبق جرء وقي
خادم الحرمين الشريفين يتلقى الجرعة الأولى لقاح كورونا كوفيد ,celebrity,1,خدم حرم شرف لقى جرع ولى لقح كورو كوفيد
إندونيسيا ترصد مليارا ونصف مليار لشراء لقاح سينوفاك الصيني ,info_news,1,دونيس رصد لير نصف لير شرء لقح ينف صين
هى فاعلية لقاح فاك الصينى ضد الفيروس المستجد تجارب,info_news,0,هى فعل لقح فاك صينى ضد يرس سجد جرب
حد مواطنا جزائريا تلقوا لقاح بينهم السلك الطبي,info_news,1,حد واط جزر تلق لقح بين سلك طبي
يمكن المستحي نثق بأمريكا تحاول تدميرنا بشتى الوسائل ,requests,1,يمكن سحي نثق أمر حول دمر شتى وسل
فيديو تمديد فترة الجرعة الثانية اللقاح يعني عدم فعاليته    ,info_news,1,يدو مدد فتر جرع ثني لقح يعن عدم فعل
رويترز لقاح فايزر بيونتك فعال يبدو الوقاية السلالة البريطانية فيروس كورونا,info_news,1,رويترز لقح يزر بين فعل بدو وقي سلل بريطانية يرس كورو
منظمة الصحة العالمية سيكون لدينا مليون جرعة لقاح كورونا لمنطقة الشرق الأوسط مليون جرعة بحلول,plan,1,نظم صحة علم سيك لدي ملي جرع لقح كورو نطق شرق وسط ملي جرع حلل
  جرعة لقاح تم إعطاؤها لمواطنين ومقيمين,info_news,1,جرع لقح تم عطؤ واط قيم
الان إعادة جدولة حصلوا الجرعة الاولى تطعيم الكرونا   يتكرر السؤال الى يمكن تأجيل الجرعة الثانية,info_news,1,الن عدة جدل حصل جرع ولى طعم كرو كرر سؤل الى يمكن أجل جرع ثني
نائب الرئيس التركي يتلقى لقاح كورونا ,celebrity,1,نئب رئس ترك لقى لقح كورو
المهم أنه لقى لقاح ديال ترامب باش عترف بصحراء المغربية,personal,1,مهم انه لقى لقح ديل رمب باش عترف صحراء غرب
لاتساهموا فقد أحبابكم بترويج الإشاعات حول يوضح,info_news,1,سهم فقد حبب روج اشع حول وضح
حقنة إبرة الأخبار الكاذبة تلاحق تطعيم نائبة الرئيس الاميركية  ,rumors,1,حقن ابر خبر كذب لحق طعم نئب رئس امر
بقيادة إيمان المنصور   نجاح لقاح مضاد لفيروس جامعة الإمام عبدالرحمن بن فيصل  ,plan,1,قيد ايم نصر نجح لقح ضاد يرس جمع امم عبدالرحمن بن يصل
بالفيديو  أشعر بأية آثار جانبية مراسلة  مشاركتها بتجربة لقاح جونسون آند جونسون ,info_news,1,يدو شعر بأة اثر جنب رسل شرك جرب لقح جونس اند جونس
تعلم فيلم  تدور أحداثه عام وفيه تحو الناس زومبي بسبب لقاح خاطئ,info_news,1,علم يلم تدر حدث عام وفه تحو ناس زومب سبب لقح خطئ
مطالبات أممية بتسهيل إسرائيل لعملية تطعيم الفلسطينيين ضد فهل تستجيب ,info_news,1,طلب ممي سهل رائيل عمل طعم لسط ضد فهل تجب
اذا بدكن بقى تشوفوا صور وفيديوهات مشاهير عم يعملوا لقاح,info_news,0,اذا بدك بقى تشف صور يدو مشاهير عم عمل لقح
نقاط مهمة  حول تطعيم وصل الكويت الى حديثا,info_news,1,نقط همة حول طعم وصل كوت الى حدث
ظهور حالة محص خلال خاصية تطبيق تلقي الجرعة الثانية لقاح كورونا كوفيد,info_news,1,ظهر حلة محص خلل خصي طبق تلق جرع ثني لقح كورو كوفيد
مستشار وزارة الصحة الموقع الإلكترونى جاهز لتلقى طلبات راغبى لقاح,plan,1,شار وزر صحة وقع الكترونى جهز لقى طلب راغبى لقح
بدء تطعيم اللاجئين لاجئا مخيم الزعتري تلقوا اللقاح  ,info_news,1,بدء طعم لجئ لجئ خيم زعتر تلق لقح
  حفظه الله يتلقى الجرعة الأولى لقاح كوفيد ,celebrity,1,حفظ الل لقى جرع ولى لقح كوفيد
المتحدث باسم حزب العدالة والتنمية  الرئيس سيتلق جرعة لقاح مضاد لكورونا اليوم,celebrity,1,تحدث بسم حزب عدل نمي رئس تلق جرع لقح ضاد كورو اليوم
خادم الحرمين الشريفين يتلقى الجرعة الأولى لقاح كورونا  ,celebrity,1,خدم حرم شرف لقى جرع ولى لقح كورو
عندهم ميزانية للشعب المعطل وعندهم ميزانية تكفي شراء لقاح للدول العالة,requests,1,عند يزن شعب عطل عند يزن تكف شرء لقح دول علة
وزارة الصحة الإسرائيلية شخصا أصيبوا بشلل خفيف الوجه تلقيهم لقاح كورونا ,info_news,-1,وزر صحة اسرائيلية شخص اصب شلل خفف وجه تلق لقح كورو
الإقبال المتزايد التسجيل للحصول لقاح كورونا الأشخاص الأكثر احتياج لأخذ اللقاح غيرهم  ,info_news,1,قبل زايد سجل حصل لقح كورو شخص كثر حيج أخذ لقح غير
مستشار للصحة حملات تطعيم لقاحات تبدأ نهاية الجارى ,plan,1,شار صحة حمل طعم لقح بدأ نهي جرى
إضاءة بعبارات تشجع أفراد المجتمع تلقي لقاح   ,info_news,1,ضءة عبر شجع فرد جمع تلق لقح
لوكان اللقاح الامريكي فعال كانت امريكا اليوم الاكثر اصابات العالم ,info_news,1,لوك لقح امر فعل كانت امر اليوم كثر اصب علم
أمير منطقة الرياض يوضح سبب تأخره لتلقي لقاح كورونا    ,celebrity,0,امر نطق ريض وضح سبب أخر تلق لقح كورو
الصحة تعلن تقديم جرعة لقاح خلال الـ ساعة الماضية ,plan,1,صحة تعل قدم جرع لقح خلل الـ سعة اضة
الصحة الألمانية مؤشرات مشاكل تسليم شحنات لقاح موديرنا,info_news,1,صحة لمن ؤشر شكل سلم شحن لقح ودر
خبر  السيستاني يوافق اعطاء لقاح كورونا  طيح الله حضكم جميعا استثناء,info_news,1,خبر سيس يفق عطء لقح كورو طيح الل حضكم جمع ثنء
اندلع حريق معهد المصل الهندي أكبر صن للقاحات العالم ينتج ملايين الجرعات لقاح كوفيشيلد لفيروس,info_news,0,دلع حرق عهد مصل هند كبر صن قاح علم نتج لاي جرع لقح كوفيشيلد يرس
لاتسمحو للطيران عشان يجون ناس وينقلون العدوة وبنسبه للدراس اسمحو للي خذين لقاح كورونا,personal,1,محو طير عشن يجن ناس نقل عدة نسب درس محو للي خذن لقح كورو
عقب تلقيه لقاح كورونا أردوغان يتحدث دعاية سلبية ويحذر مواطنيه   رابط بديل,info_news,1,عقب لقه لقح كورو ردغ حدث دعي سلب حذر وطن ربط بدل
منظمة الصحة العالمية بلدان عربيان سيحصلان لقاح فايز بيونتيك الشهر  ,info_news,1,نظم صحة علم بلد عرب حصل لقح فيز بين شهر
أبوهشيمة يعلن تبرعه بـ مليون مبدئيا لصندوق لتوفير لقاح,info_news,1,ابوهشيمة يعل برع بـ ملي بدئ صندوق وفر لقح
مصري يبتكر لقاح ضد كورونا البيض المخصب آمن وسهل إعطاؤه طريق الأنف ,info_news,1,صري بكر لقح ضد كورو بيض خصب امن سهل عطؤ طرق انف
تلق نائبة جو فعلأ لقاح تظاهرت بذلك المصو رين   التفاصيل ,rumors,0,تلق نئب جو علأ لقح ظهر بذل مصو رين فصل
تحرص استمرارية توريد لقاح فيروس كورونا المستجد لمناطق المملكة جانب وصول اللقاح المنطقة الشرقية,info_news,1,حرص استمرارية ورد لقح يرس كورو سجد نطق ملك جنب وصل لقح نطق شرق
الكويت شهادة لقاح كورونا ستخدم كجواز سفر المطارات تطلبها,info_news,1,كوت شهد لقح كورو خدم كجواز سفر طار طلب
الهيئة المنظمة للأدوية توافق لقاح موديرنا المضاد لفيروس,info_news,1,هيئ نظم دوي وفق لقح ودر ضاد يرس
تحقق معدل توزيع جرعات لقاح للفئات المؤهلة طبي بمعدل تجاوز جرعة لكل شخص   ,plan,1,حقق عدل وزع جرع لقح فئت ؤهل طبي عدل جوز جرع لكل شخص
كامالا هايس نائبة الرئيس الأمريكي تتلقى الجرعة الثانية لقاح كورونا ,celebrity,1,كامال هيس نئب رئس امر لقى جرع ثني لقح كورو
بحسب جوروزاليم بوست إسرائيليا يعانون شلل الوجه لقاح لفيروس كورونا  ,info_news,1,حسب جوروزاليم بوس رائيل يعن شلل وجه لقح يرس كورو
شركة جونسون أند جونسون الأمريكية تتوصل لقاح جرعة واحدة ضد كورونا  ,info_news,1,شرك جونس اند جونس امر وصل لقح جرع وحد ضد كورو
نشارككم مقال فريق الاقتصاد السلوكي هارفارد بزنس ريفيو لتشجيع الافراد لاخذ لقاح كوفيد,info_news,1,نشر قال فرق قصد سلك هارفارد زنس ريفيو شجع فرد لخذ لقح كوفيد
جونسون نعتقد لقاح أسترازينيكا فعال الفئات العمرية عكس تعتقد ألمانيا,info_news,1,جونس عتقد لقح استرازينيكا فعل فئت عمر عكس عقد لمن
الحمد لله اخذت اليوم الجرعة الاولى احترافية عالية وتنظيم رائع   شكرا لله نعمة السعودية,personal,1,حمد لله اخذ اليوم جرع ولى احترافية علي نظم رئع شكر لله نعم سعد
بداية الاتصالات تصنيع لقاح سبوتنيكفي الجزائر ,info_news,1,بدي تصل صنع لقح سبوتنيكفي جزر
ســلمت ودمت ياتاج روسنا  العافية قدامك وعسانا مانسمع عنك مكروه يارب  ,celebrity,1,ــلم ودم ااج روس عفي قدم وعس مانسمع عنك كره يرب
متحدث وزارة الصحة   لديه حساسية مفرطة عدم لقاح كورونا,info_news,1,تحدث وزر صحة لده حسس فرط عدم لقح كورو
عجبني كلامها مليون لفرض اللقاح إجباري,personal,1,عجب كلم ملي فرض لقح جبر
حفظه الله يتلقى الجرعة الأولى لقاح كورونا كوفيد    ,celebrity,1,حفظ الل لقى جرع ولى لقح كورو كوفيد
اردوغان ينتهز فرصة لقاح كورونا لتحسين اقتصاده تقليل سقوطه خلال بيع اللقاح للشعب بضعف المبلغ ,personal,0,ردغ نهز فرص لقح كورو تحس قصد قلل سقط خلل بيع لقح شعب ضعف بلغ
فضيحة الدم الفرنسي وطريقة تعامل المجتمع الدولي معها درس لإيران ولكل الأمم الحرة زمن كورونا  ,info_news,1,فضح لدم رنس طرق عمل جمع دول عها درس لإر لكل امم حرة زمن كورو
عبر تطبيق تعرف خطوات تقديم طلب لقاح كورونا للممارسين الصحيين,advice,1,عبر طبق عرف خطو قدم طلب لقح كورو مرس صحي
اللي يسالوني شو تحسين لقاح كورونا احساسي,others,1,الل سلو شو تحس لقح كورو حسس
الكثير البلدان انتجة لقاحات لهذا الفايروس  الغايه تسليم الأمور امريكا  يكفيكم عماله ,info_news,0,كثر بلد نجة لقح لهذا يرس غيه سلم امر امر يكف عمل
بالعيادة  قول بندورة  بن دورة  لقاح لكان,unrelated,0,عيد قول ندر بن دور لقح لكن
وصول طائرة موسكو لنقل جرعة لقاح سبوتنيكإلى الأرجنتين ,info_news,1,وصل طئر وسكو نقل جرع لقح سبوتنيكإلى ارج
لقاح سبوتنيك   أشهر الدعاية والتشكيك الغربي فعالية اللقاح الفعالية بلغت   خاطر بوتين ,info_news,1,لقح سبت شهر دعي شكك غرب فعل لقح فعل بلغ خطر بوت
 لقاح كورونا الإمارات أمن ماذكرته وزارة الصحة بدولة الإمارات العربية المتحدة,info_news,1,لقح كورو امر امن اذكر وزر صحة بدل امر عرب تحد
الإمارات تقديم جرعة لقاح كورونا خلال ساعة,plan,1,امر قدم جرع لقح كورو خلل سعة
وزير الصحة وصول جرعة لقاح مضاد لكورونا ائتلاف كوفاكس خلال الأسبوع الحالي  ,info_news,1,وزر صحة وصل جرع لقح ضاد كورو ئلف كوفاكس خلل سبع الحالي
عاجل دراسة بريطانية لقاح أسترازينيكا يوفر حماية بنسبة يوما الجرعة الأولى  ,info_news,1,عجل درس بريطانية لقح استرازينيكا وفر حمي نسب يوم جرع ولى
دبي تبدأ حملة تطعيم بلقاح شركة سينوفارم الصينية المضاد لكوفيد,info_news,1,دبي بدأ حمل طعم لقح شرك سينوفارم صين ضاد كوفيد
